Location,Delivery Charges,NCM Locations
4 NO JEETPUR,150.0,AARUGHAT
AANBU KHAIRENI TANAHU,150.0,AMARAI ARGHAKHANCHI
AMARGADHI,150.0,AMARDAHA
AMUWA,150.0,AMARGADHI
ARUNKHOLA,150.0,AMLEKHGUNJ
ATTARIYA,150.0,AMUWA
BAGLUNG,150.0,ANBUKHAIRENI
BANDIPUR TANAHUN,150.0,ARJUNCHAUPARI SYANGJA-
BANEPA,150.0,ARNAHA
BANIYANI JHAPA,150.0,ARUNKHOLA
BANSAGADHI,150.0,ARYA BHANJYANG
BARAHATHAWA SARLAHI,150.0,ATTARIYA
BARDAGHAT,150.0,AURABANI
BARDIBAS,150.0,AURAHI
BATTAR BAZAR,150.0,AURAHI DHANUSHA
BAUNIYA,150.0,AURAIYA
BELAURI,150.0,BADIGAD
BELBARI,150.0,BADNIHAR
BELDANDI KANCHANPUR,150.0,BAGLUNG BAZAR
BELTAR UDAYAPUR,150.0,BAGMARA
BENI,150.0,BAGTHALA
BESI SAHAR,150.0,BAHAURI PIDARI
BHADRAPUR,150.0,BAHRABISE
BHAIRAHAWA,150.0,BAHUNDANGI
BHAJANI,150.0,BAHUNI
BHAKUNDE BESI KAVRE,150.0,BAIDAULI
BHALUBANG,150.0,BAISJANGAR TANAHUN
BHANDARA CHITWAN,150.0,BALARA
BHARATPUR,150.0,BALAWA
BHIMAD TANAHU,150.0,BALETAXAR
BHIMAN SINDHULI,150.0,BAMKA BAJURA
BHOJPUR,150.0,BANDIPUR
BHURIGOAN,150.0,BANEPA
BIDUR,150.0,BANGALACHULI
BIRATCHOWK,150.0,BANI
BIRATNAGAR,150.0,BANIYANI
BIRGUNJ,150.0,BANKUL
BIRTAMOD,150.0,BANSBARI MORANG
BUDHABARE,150.0,BANSGADHI
BURTIBANG,150.0,BARAGADHI
BUTWAL,150.0,BARAHATHAWA
CHAINPUR BAJHANG,150.0,BARDAGHAT
CHAINPUR SANKHUWASABHA,150.0,BARDIBAS
CHAME MANANG,150.0,BARENG
CHANAULI,150.0,BARIYARPATTI
CHANDRANIGAHAPUR,150.0,BARIYARPUR
CHANDRAUTA,150.0,BARJU
CHAPAGAUN,150.0,BARPAK
CHARAALI,150.0,BASABASAHI
CHARIKOT,150.0,BASANTAPUR BAZAR
CHATARA,150.0,BASTIPUR
CHAUMALA,150.0,BASTIPUR MAKAWANPUR
CHAUTARA,150.0,BASUNDHARA
CHINCHU,150.0,BATESHWOR
CHISAPANI,150.0,BAUNIYA
CHORMARA,150.0,BAYALBAS
DAILEKH BAZAR,150.0,BAYARGHARI
DAKSHINKALI,150.0,BELA
DALDALE,150.0,BELAKA RAMPUR
DAMAK,150.0,BELATARI
DAMAN,150.0,BELAURI
DAMAULI,150.0,BELBARI
DARCHULA KHALANGA,150.0,BELDANGI
DHADING BESI,150.0,BELHI CHAPENA
DHAKDAI RUPANDEHI,150.0,BELSOT
DHALKEBAR,150.0,BELTAR BASAHA
DHANGADHI,150.0,BENI
DHANKUTA,150.0,BESISAHAR
DHARAN,150.0,BHADRAPUR
DHULABARI,150.0,BHAGWANPUR
DHULIKHEL,150.0,BHAIRAHAWA
DHUNCHE RASUWA,150.0,BHAJANI
DIKTEL KHOTANG,150.0,BHAKUNDEBESI
DINGLA BHOJPUR,150.0,BHALUWANG
DIPAYAL BAZAR,150.0,BHANDARA
DODHARA CHANDANI KANCHANPUR,150.0,BHANGAHA
DOLALGHAT KAVRE,150.0,BHAWANIPUR
DUDHAULI SINDHULI,150.0,BHEDETAR
DUHABI,150.0,BHIMAD
DULEGAUNDA TANAHU,150.0,BHIMAN
DULLU,150.0,BHIMPHEDI
DUMKIBAS,150.0,BHINGRI
DUMRE,150.0,BHISAWA SHIKTA
DUNAI DOLPA,150.0,BHOJPUR
FIKKAL,150.0,BHOKRAHA
GAIDAKOT,150.0,BHURANG TATOPANI
GAIGHAT,150.0,BHURIGAUN
GAJURI,150.0,BHURJUNG KHOLA
GALKOT,150.0,BIBLATE BAZAR
GAMGADHI MUGU,150.0,BIJUWAR
GARUDA,150.0,BINDABASINI
GAUR,150.0,BIRATCHOWK
GAURADAHA,150.0,BIRATNAGAR
GAURIGANJ,150.0,BIRBAS
GAUSHALA MAHOTTARI,150.0,BIRENDRA BAZAR
GHORAHI,150.0,BIRGUNJ
GODAWARI LALITPUR,150.0,BIRTAMOD
GOKULESHWOR DARCHULA,150.0,BIRUWA
GOLBAZAR,150.0,BISHNUPUR
GOPIGUNJ JAMUNIYA,150.0,BISHNUPUR SAPTARI
GORKHA BAZAR,150.0,BISHNUPUR SARLAHI
GORUSINGE,150.0,BISHRAMPUR
GOTHALAPANI BAITADI,150.0,BITTHAD
GULARIYA,150.0,BODEBARSAIN
GULARIYA KANCHANPUR,150.0,BRAHAMPURI
HALDIBARI JHAPA,150.0,BRAHMADEV
HARIWAN,150.0,BRINDABAN
HARKAPUR 16 NO,150.0,BUDAR
HEMJA,150.0,BUDHABARE
HETAUDA,150.0,BUDHANILKANTHA
HILE,150.0,BULINGTAR
ILLAM,150.0,BURTIBANG
INARUWA,150.0,BUTTABARI
ITAHARI,150.0,BUTWAL
JAGATPUR CHITWAN,150.0,CHABAHIL
JAJARKOT KHALANGA,150.0,CHAINPUR BAJHANG
JALESHWOR,150.0,CHAINPUR SANKHUWASAB
JANAKPUR,150.0,CHAKARGHATTI SUNSARI
JEETPUR BARA,150.0,CHAKCHAKE
JHALARI,150.0,CHAKRAGHATTA SARLAHI
JHILJHILE JHAPA,150.0,CHAMAITACHAURI BAZAR
JIRI DOLAKHA,150.0,CHAME
JIRIKHIMTI,150.0,CHANAULI
JOGIKUTI,150.0,CHANDRANIGAHAPUR
JOMSOM,150.0,CHANDRAUTA
JORPOKHARI PANCHTHAR,150.0,CHANHI BAZAR
JOSHIPUR,150.0,CHAPAGAUN
JUMLA KHALANGA,150.0,CHAPAKOT
KAKARBHITTA,150.0,CHARAALI
KALAIYA,150.0,CHARAUDI
KAMAL BAZAR,150.0,CHARIKOT
KANCHANPUR SAPTARI,150.0,CHATARA
KATARI,150.0,CHAUGHADA BAZAR
KAWASOTI,150.0,CHAUMALA
KECHANA JHAPA,150.0,CHAURJAHARI
KHAIRENI RUPANDEHI,150.0,CHAUTARA
KHAJURA,150.0,CHAWANNI BELDANDI
KHANDBARI,150.0,CHHAPIYA
KHUDUNABARI JHAPA,150.0,CHIDIKA
KOHALPUR,150.0,CHINCHU
KOLTI,150.0,CHISAPANI
KOTIHAWA,150.0,CHORMARA
KRISHNANAGAR,150.0,CHYAMA
KUSMA,150.0,DAIJEE
LAHAN,150.0,DAILEKH BAZAAR
LALBANDI,150.0,DAKAHA
LAMAHI,150.0,DALDALE
LAMKI,150.0,DAMAK
LAXMIPUR JHAPA,150.0,DAMAN
LEKHNATH,150.0,DAMAR CHOWK
LETANG,150.0,DAMAULI
LIWANG,150.0,DAMRABHITTA
LOTHAR CHITWAN,150.0,DANABARI
LUBHU LAMATAR,150.0,DANDA BAZAR
LUMBINI BAZAR,150.0,DARBANG MYAGDI
MADHUMALLA MORANG,150.0,DARCHULA KHALANGA
MADI,150.0,DARVAN PYUTHAN
MAHENDRANAGAR,150.0,DEDGAUN
MAHENDRANAGAR DHANUSA,150.0,DEVGHAT
MALANGWA,150.0,DEVTAL BENAULI
MALEKHU,150.0,DEWAHI GONAHI
MANAHARI MAKWANPUR,150.0,DEWANGANJ
MANGALSEN,150.0,DHADING BESI
MANIGRAM,150.0,DHAKDAI
MANMA,150.0,DHALKEBAR
MANTHALI,150.0,DHANAUJI
MARTADI,150.0,DHANGADHI
MASURIYA,150.0,DHANGADHIMAI
MEGHAULI CHITWAN,150.0,DHANKAUL
MEHELKUNA SURKHET,150.0,DHANKUTA BAZAAR
MELAMCHI,150.0,DHANUSADHAM
MIRCHAIYA,150.0,DHARAN
MOTIPUR,150.0,DHARKE
MOURIGHAT,150.0,DHAUBINI
MUGLING,150.0,DHULABARI
MURGIYA,150.0,DHULIKHEL
MUSIKOT,150.0,DHUNCHE
MYANGLUNG BAZAR,150.0,DIKTEL
NAGARKOT,150.0,DIMAN
NARAYANGARH,150.0,DINGLA
NARAYANPUR,50.0,DIPAYAL
NAYAPUL KUSMA,100.0,DODHARA CHADANI
NEPALGUNJ,50.0,DUDHAULI
NEPALTAR ILLAM,100.0,DUDUWA
NIJGADH,100.0,DUHABI
OKHALDHUNGA,50.0,DUIPIPLE
PADAMPUR CHITWAN,100.0,DULEGAUDA
PAHALBANPUR,50.0,DULLU
PALUNGTAR,250.0,DUMARI KALYANPUR
PANAUTI,250.0,DUMKIBAS
PANCHKHAL KAVRE,298.0,DUMRE
PARASI,298.0,DUNAI
PARSA CHITWAN,298.0,DURGAPHAT
PASHUPATINAGAR,225.0,DURGAULI
PATHARI,225.0,EKADARA
PATHLAIYA,250.0,FATTEPUR
PHARSATIKAR,250.0,FATUWA HARSAHA
PHATTEPUR SAPTARI,250.0,FIKKAL
PHIDIM,,GADDA CHAUKI
PHULBARI KAILALI,,GADHAWA
POKHARA,,GAIDAKOT
POKHARIYA,,GAIGHAT
PUNARBAS KANCHANPUR,,GAIR BAZAR
PYUTHAN,300.0,GAJURI
RAJAHAR NAWALPARASI,,GALCHI
RAJAPUR,,GALKOT
RAJBIRAJ,,GALYANG
RAJGADH JHAPA,,GAMGADHI
RAMPUR PALPA,,GANESHPUR KAPILBASTU
RANGELI,,GANESHPUR SIRAHA
RIDI,,GARUDA
RUKUM CHAURJAHARI,,GAUR
RUKUMKOT,,GAURADAHA
SALLERI (SOLU),,GAURIGANJ
SALYAN KHALANGA,,GAUSHALA MAHOTTARI
SAMSHERGUNJ,,GERUWA
SANDHIKHARKA,,GETA
SANFEBAGAR ACHHAM,,GHACHOK
SANISCHARE JHAPA,,GHANDRUK VILLAGE
SANKHU,,GHARTIGAAUN
SARLAHI BAZAR,,GHORAHI
SATTI BAZAR,,GODAK
SIDHUWA DHANKUTA,,GODAWARI
SILGADHI,,GODAWARI KAILALI
SIMARA,,GODETA
SIMIKOT HUMLA,,GOKULESHWOR
SINDHULI,,GOKULGANGA
SIRAHA BAZAR,,GOLBAZAR
SUKKHAD,,GOLTAR
SULICHAUR,,GOOGLI
SUNDAR BAZAR,,GOPETAR
SUNDARIJAL,,GOPIGUNJ JAMUNIYA
SUNWAL,,GORKHA BAZAR
SURKHET,,GORUSINGE
SURUNGA,,GOTHALAPANI
SYANGJA GALYANG,,GULARIYA
SYANGJA PUTALIBAZAR,,HAKPARA
SYANGJA WALING,,HALDIBARI
TAMGHAS,,HALESI
TAMNAGAR,,HANSPUR KATHPULLA
TANDI,,HANUMANNAGR
TANSEN,,HAPURE
TAPLEJUNG BAZAR,,HARAIYA RUPANDEHI
TAULIHAWA,,HARINAGARA
TIKAPUR,,HARINAS TANAHAUN
TINGLA (SOLU),,HARIPUR
TRISHULI,,HARIPURWA
TULSIPUR,,HARIWON
TUMLINGTAR,,HARKAPUR 16 NO
TUTESHWAR MAHOTTARI,,HARNAIYA
URALABARI,,HARNAIYA SIYARI
HEAD OFFICE (KATHMANDU),,HARTHOK
HEAD OFFICE (LALITPUR),,HASULIYA
HEAD OFFICE (BHAKTAPUR),,HATEMALO CHOWK
KALYANPUR SAPTARI,,HATIYA
BODEBARSAIN SAPTARI,,HEKULI
KALABANJAR,,HEMJA
RAMPUR UDAYAPUR,,HETAUDA
PYUTHAN KHALANGA,,HILE
SHREENAGAR SALYAN,,HOLERI
KHURKOT,,ILAM BAZAR
NAUBISE,,INARUWA
KERABARI MORANG,,ITAHARI
KOLHABI BAZAR,,JAGARNATHPUR
SOMBARE MORANG,,JAGATPUR
JHUMKA SUNSARI,,JAHADA
BELDANGI JHAPA,,JAJARKOT KHALANGA
KERKHA JHAPA,,JALBIRE
BHEDETAR SUNSARI,,JALESHWOR
BHANTABARI SUNSARI,,JANAKPUR
SHIVAGUNJ JHAPA,,JANGAL SAHIYA
SHARANMATI JHAPA,,JANGRAHAWA
DARWANG MYAGDI,,JAYANAGAR
RANKE,,JHALARI
MAINAPOKHARI DOLAKHA,,JHAPA BAZAR
NAGDHUNGA,,JHILJHILE
BAHRABISE,,JHUMKA
LELE LALITPUR,,JHYALBAS
DUIPIPLE,,JIRI
BASANTAPUR TERHATHUM,,JITPUR CHARNUMBER
SHANTIPUR GULMI,,JIWAKHOLA
CHANGUNARAYAN BHAKTAPUR,,JOGBUDA
JAYANAGAR BARDIYA,,JOGIKUTI
BALETAXAR,,JOMSOM
JUGEDA KAILALI,,JORPOKHARI
MANGALBARE ILLAM,,JOSHIPUR
SHREE ANTU,,JUGEDA KAILALI
JHAPA BAZAR,,JUGEDI CHITWAN
DASDHUNGA,,JUGLE
KANCHI BAZAR,,JUMLA
JUGEDI CHITWAN,,KADMAHA
PATAN BAITADI,,KAKARBHITTA
BHALWARI RUPANDEHI,,KALABANJAR
BUDOR DOTI,,KALAGAUDI
GOGALI DANG,,KALAIYA
KALYANPUR SIRAHA,,KALANKI
GALCHI,,KALIKAMAI
BHINGRI PYUTHAN,,KALUWAPUR
TARATAL BARDIYA,,KALYANPUR
GAIR SARLAHI,,KAMAL BAZAR
GODAITA SARLAHI,,KANCHIBAJAR
SABAILA DHANUSHA,,KANYAM
YADUKUHA DHANUSHA,,KAPAN
KADMAHA SAPTARI,,KARAIYAMAI
AURAHI MAHOTTARI,,KARSIYA
RAMGOPALPUR,,KATAHARI MORANG
SAMSI MAHOTTARI,,KATAHARIYA
BIRENDRA BAZAR DHANUSHA,,KATARI UDAYAPUR
DHANUSADHAM,,KAUDENA
DHANGADHIMAI SIRAHA,,KAVRESTHALI
SUKHIPUR SIRAHA,,KAWASOTI
HARIPUR SARLAHI,,KERABARI MORANG
PUTALI CHOWK SARLAHI,,KERKHA BAZAR
MAINA POKHAR BARDIYA,,KHADADEVI
IMILIYA KAPILBASTU,,KHAIRAHANI
RUDRAPUR HARAIYA RUPANDEHI,,KHAIRENI RUPANDEHI
RAJARANI DHANKUTA,,KHAJURA
RAMAILO MORANG,,KHAJURI CHANHA
KANEPOKHARI,,KHANDANDA
HANUMANNAGR SAPTARI,,KHANDBARI
TINKORIYA DHANUSHA,,KHANIYAKHARKA
NAGARAIN DHANUSHA,,KHAYARMARA
RAJDEVI RAUTAHAT,,KHIMTI
DAMAR CHOWK RAUTAHAT,,KHORAMUKH
DAIJEE KANCHANPUR,,KHUDI BAZAR
MAHARAJGANJ KAPILBASTU,,KHUDUNABARI
Kathmandu,,KHURKOT
Lalitpur,,KOHALPUR
Bhaktapur,,KOLHABI
,,KOLTI
,,KOTIHAWA
,,KRISHNANAGAR
,,KRISHNANAGAR MADI
,,KRISHNAPUR
,,KRISTI NACHNECHAUR
,,KUNTABESI
,,KURINTAR
,,KUSHMA
,,KUSHMISHERA
,,LABANI
,,LAGMA
,,LAHAN
,,LALBANDI
,,LALJHADI
,,LAMAHI
,,LAMKI
,,LATINATH
,,LAUKAHI
,,LAXMIMARGA
,,LAXMIPUR PATARI
,,LEKHNATH
,,LETANG
,,LIKHU DHOBI
,,LIWANG
,,LOHARPATTI
,,LOKAHA
,,LOTHAR
,,LUBHU
,,LUHAM
,,LUKLA
,,LUMBINI
,,MADHOPUR
,,MADHUMALLA
,,MADI PALPA
,,MAHADEVA
,,MAHARAJGUNJ KAPILBAS
,,MAHASHILA LUNKHU
,,MAHENDRANAGAR
,,MAHESHPUR THUTHIBARI
,,MAHESHWORI
,,MAHOTTARI
,,MAHULI
,,MAINAPOKHARI
,,MAJHAGAWA
,,MAJHGAUN KAMAHARIYA
,,MAJUWA
,,MAKWANPURGADHI
,,MALANGWA
,,MALEKHU
,,MANAHARI
,,MANAKAMANA
,,MANARA
,,MANEBHANJYANG SANK
,,MANGALBARE ILAM
,,MANGALSEN
,,MANIGRAM
,,MANJHARIYA
,,MANMA
,,MANPUR MAINAPOKHAR
,,MANTHALI
,,MARINKHOLA
,,MARPHA MUSTANG
,,MARTADI
,,MASURIYA
,,MATIHANI
,,MATSARI
,,MAULAPUR
,,MEGHAULI
,,MEHELKUNA
,,MELAMCHI
,,MIRCHAIYA
,,MIRMIPHAT
,,MOTIPUR
,,MUKTINATH MUSTANG
,,MUNGLING
,,MURGIYA
,,MUSIKOT
,,MYANGLUNG
,,NADHIMAN
,,NAGARAIN
,,NAGARKOT
,,NALAGAD KALIMATI
,,NAMCHE BAZAR
,,NARAHA
,,NARAINAPUR BANKE
,,NARAYANGHAT
,,NARAYANPUR DANG
,,NAUDANDA KASKI
,,NAUTHAR SERA
,,NAWARAJPUR
,,NAYA BUSPARK
,,NAYA THIMI
,,NEPALGUNJ
,,NEPALTAR ILAM
,,NEPALTAR UDAYAPUR
,,NETACHOWK
,,NEWROAD
,,NIJGADH
,,ODARI
,,OKHALDHUNGA
,,PACHARAUTA
,,PADAMPOKHARI
,,PADAMPUR
,,PAHALMANPUR
,,PAKADI
,,PAKAHA MAINPUR
,,PAKHRIBAS
,,PALUNGTAR
,,PAME
,,PANAUTI
,,PANCHKHAL
,,PANMARA
,,PARASI
,,PARSA SARLAHI
,,PARWANIPUR
,,PASHUPATINAGAR
,,PATAN BAITADI
,,PATERWA SUGAULI
,,PATHARI
,,PATICHAUR
,,PATO
,,PHALEBAS
,,PHALEBISAUNE
,,PHAPARBARI
,,PHARPING
,,PHARSATIKAR
,,PHEDIKHOLA
,,PHETA BAZAR
,,PHIDIM
,,PHULBARI KAILALI
,,PHUNGLING
,,PILUWA
,,PIPRA
,,PIPRAHAWA
,,POKHARA
,,POKHARIYA
,,PRAKASHPUR
,,PRASAUNI
,,PUMDI POKHARA
,,PUNARBAS
,,PURANCHAUR
,,PUTALI CHOWK
,,PUTALIBAZAR
,,PYUTHAN KHALANGA
,,RAGAICHA
,,RAJAHAR
,,RAJAPUR
,,RAJARANI
,,RAJBIRAJ
,,RAJDEVI
,,RAJGADH
,,RAMAILO
,,RAMECHHAP BAZAR
,,RAMGOPALPUR
,,RAMNAGAR
,,RAMNAGAR KHAIRAWA
,,RAMPUR PALPA
,,RAMTAR
,,RANGELI
,,RANKE
,,RATAN PUR
,,RIDI
,,RUKUM RADI BAZAAR
,,RUKUMKOT
,,RUPANI
,,RUPNAGAR
,,SABAILA
,,SAGACHOWK CHAUTRA
,,SAILUNG
,,SAKHADA CHHINNAMASTA
,,SAKHUWA PRASAUNI
,,SAKUWA MAHENDRANAGAR
,,SALJHANDI
,,SALLERI
,,SALLI BAZAR
,,SALYAN KHALANGA
,,SAMANPUR
,,SAMSHERGUNJ
,,SAMSI
,,SANDHIKHARKA
,,SANFEBAGAR
,,SANGRAMPUR
,,SANISCHARE
,,SANKHU
,,SAPAHI
,,SARANGKOT
,,SARDI
,,SARUWATHA
,,SATDOBATO
,,SATTI
,,SAURAHA
,,SEDHAWA
,,SHAKTIKHOR
,,SHAMJHANA
,,SHANTINAGAR JHAPA
,,SHANTIPUR
,,SHARANAMATI
,,SHIVAGUNJ
,,SHREE ANTU
,,SIDHUWA
,,SILGADHI
,,SIMALTARI
,,SIMARA
,,SIMIKOT
,,SIMRANGADH
,,SINDHULI
,,SINGA TATOPANI
,,SINGATI
,,SIRAHA
,,SISANIYA
,,SONAMA
,,SUBARNA
,,SUKHIPUR
,,SUKKHAD
,,SULICHAUR
,,SUNAWAL
,,SUNDARBAZAR
,,SUNDARIJAL
,,SUNJHODA
,,SURKHET
,,SURUNGA
,,SURYABINAYAK
,,SURYAPURA
,,SWOYAMBHU
,,SYAULE BAZAR KAILALI
,,TAMGHAS
,,TAMNAGAR
,,TANDI
,,TANSEN
,,TARAKHOLA BAGLUNG
,,TARAPATTI SIRSIYA
,,TARATAL
,,TAULIHAWA
,,TERHATHUM BASANTAPUR
,,THAKURDUWARA
,,THANKOT
,,THARMARE
,,THARPU TANAHUN
,,THORI
,,THUTIPIPAL
,,TIGER TOP HILL
,,TIKAPUR
,,TINKORIYA
,,TINKUNE
,,TINPIPLE
,,TOKHA
,,TOPA BAZAR
,,TRISHULI
,,TULSIPUR
,,TULSIYAHI
,,TUMLINGTAR
,,URLABARI
,,WALING
,,WAMITAKSAR
,,WANA
,,YADUKUSH
