Product,Price,Numbers,Confirmed,Godam,Last Stock,Purchased,GBL Return,Easy Return,DB Return,Store Sell,Final Stock
3d Glass,700.0,#REF!,0,,,,,,,,0
4 in 1 combo,700.0,#REF!,0,,,,,,,,0
4 in 1 Hair Remover,1000.0,#REF!,0,,,,,,,,0
7Horses 3D,1500.0,#REF!,0,,,,,,,,0
AC Design Fan Heater with remot,1000.0,#REF!,0,,,,,,,,0
Accupressure Slippers,850.0,#REF!,0,5.0,,,,,,,0
Anti Vibration Pad,1000.0,#REF!,0,,,,,,,,0
Body Sensor Light,5000.0,#REF!,0,,,,,,,,0
,1000.0,#REF!,0,,,,,,,,0
Dancing Cactus,1500.0,#REF!,0,,,,,,,,0
,1200.0,#REF!,0,,,,,,,,0
Foam Cleaner,1000.0,#REF!,0,,,,,,,,0
Hammer,1000.0,#REF!,0,,,,,,,,0
Luxurious Flexible Glass,1000.0,#REF!,0,,,,,,,,0
Magnetic Knee Warmer,1000.0,#REF!,0,,,,,,,,0
Mobile Charging Stand 3pcs,650.0,#REF!,0,,,,,,,,0
Momo Maker,5000.0,#REF!,0,,,,,,,,0
New Combo,1800.0,#REF!,0,,,,,,,,0
New Mixture,1500.0,#REF!,0,,,,,,,,0
Power Knee Strap,1000.0,#REF!,0,,,,,,,,0
Router Backup,1000.0,#REF!,0,,,,,,,,0
SG 3 Set,1500.0,#REF!,0,,,,,,,,0
Siren,1000.0,#REF!,0,,,,,,,,0
Smart Watch,2500.0,#REF!,0,,,,,,,,0
Tool Box,1000.0,#REF!,0,,,,,,,,0
Vaccum Blower,1800.0,#REF!,0,,,,,,,,0
Washing Machine Cover,700.0,#REF!,0,,,,,,,,0
Kids Laptop+Magnetic Slate,1100.0,#REF!,0,,,,,,,,0
6 in 1 Vegetable Cutting Basket,1200.0,#REF!,0,,,,,,,,0
Golden Rose,500.0,#REF!,0,,,,,,,,0
8 pcs Ball Transfer Unit,500.0,#REF!,0,,,,,,,,0
waterproof spray,1500.0,#REF!,0,,,,,,,,0
7Horse,1000.0,#REF!,0,,,,,,,,0
Foam Filling Spray,1500.0,#REF!,0,,,,,,,,0
Double Pole Stand,2000.0,#REF!,0,,,,,,,,0
locket,1500.0,#REF!,0,,,,,,,,0
Movable Base Stand,2000.0,#REF!,0,,,,,,,,0
Shoe Rack,2500.0,#REF!,0,,,,,,,,0
mosquito bulb,1000.0,#REF!,0,,,,,,,,0
24pcs cleaning tablets,1000.0,#REF!,0,,,,,,,,0
Gradient Sunglasses for Women,1500.0,#REF!,0,,,,,,,,0
Shiva Smoke Fountain,2500.0,#REF!,0,,,,,,,,0
manicure pedicure set,800.0,#REF!,0,,,,,,,,0
Magic Cleaning Brush,1500.0,#REF!,0,,,,,,,,0
mini ceiling fan,1200.0,#REF!,0,,,,,,,,0
Mens Straightener,1750.0,#REF!,0,,,,,,,,0
Catalytic Converter Cleaner,1200.0,#REF!,0,,,,,,,,0
Car Vaccum,2000.0,#REF!,0,,,,,,,,0
Folding Cloth Storage Box,1500.0,#REF!,0,,,,,,,,0
2pcs Folding Cloth Storage Box,1500.0,#REF!,0,,,,,,,,0
3pcs Folding Cloth Storage Box,1500.0,#REF!,0,,,,,,,,0
Waterproof Tile Gap Filler Agents,1200.0,#REF!,0,,,,,,,,0
Mosquito Killer Bat,1200.0,#REF!,0,,,,,,,,0
Baby Saftey Belt,1200.0,#REF!,0,,,,,,,,0
License Bill Book Wallet,900.0,#REF!,0,,,,,,,,0
4 pcs Kids Sank Book,1000.0,#REF!,0,,,,,,,,0
Foot Fresh Shoe Spray,800.0,#REF!,0,,,,,,,,0
2 pcs Kids 360° Tooth Brush,800.0,#REF!,0,,,,,,,,0
Body Shaper,1000.0,#REF!,0,,,,,,,,0
Anti Rust Spray,1200.0,#REF!,0,,,,,,,,0
Height insole,700.0,#REF!,0,,,,,,,,0
Kids 360° Tooth Brush,500.0,#REF!,0,,,,,,,,0
3 pcs Kids 360° Tooth Brush,950.0,#REF!,0,,,,,,,,0
magic mesh,999.0,#REF!,0,,,,,,,,0
Travel Bag,1400.0,#REF!,0,,,,,,,,0
2 in 1 straightener,1500.0,#REF!,0,,,,,,,,0
ANTI-FOG COATING SPRAY,1250.0,#REF!,0,,,,,,,,0
Night Vision + Day glass,999.0,#REF!,0,,,,,,,,0
Flawless Body Hair Remover,2000.0,#REF!,0,,,,,,,,0
Vintage Trimmer,1800.0,#REF!,0,,,,,,,,0
Gas Stand + Cover,1200.0,#REF!,0,,,,,,,,0
mini kitchen mill,1500.0,#REF!,0,,,,,,,,0
ANTI LEAKAGE AGENT,1250.0,#REF!,0,,,,,,,,0
waterproof mobile holder,1200.0,#REF!,0,,,,,,,,0
Mini Sealing Machine,850.0,#REF!,0,,,,,,,,
Water Absorbent Mat,1200.0,#REF!,0,,,,,,,,
Irrigation Pipe,,,,,,,,,,,
Sink Organizer,,,,,,,,,,,
Vegetable Cutter,,,,,,,,,,,
Body Trimmer,,,,,,,,,,,
3 in 1 stainless steel cutting basket,,,,,,,,,,,
tummy trimmer,800.0,,,,,,,,,,
Mummy's Bag,2800.0,,,,,,,,,,
Solar Rotating Air Freshner,,,,,,,,,,,
Electric BBQ,2000.0,,,,,,,,,,
Sank Book + 2 pcs Baby Brush,,,,,,,,,,,
5 पिस स्टिल डेक्ची सेट,,,,,,,,,,,
Steel Basin Kitchen Chopper,,,,,,,,,,,
Tiger Wrench,,,,,,,,,,,
Flawless Eyebrow Hair Remover,,,,,,,,,,,
Tika Thaali,,,,,,,,,,,
Mini Mix Cutter,,,,,,,,,,,
Sundar Lekhan Book,,,,,,,,,,,
Handy Vegetable Chopper,,,,,,,,,,,
mini trimmer,,,,,,,,,,,
heating tap Indian,,,,,,,,,,,
3 Rod Halogen Heater,,,,,,,,,,,
5 in 1 combo,,,,,,,,,,,
Electromax Ac Design Fan heater,,,,,,,,,,,
gloves combo,,,,,,,,,,,
washing machine combo,,,,,,,,,,,
Anti Stretch Mark Cream,,,,,,,,,,,
Spin Scrubber,,,,,,,,,,,
Warm Toilet Seat Cover 3 pcs,,,,,,,,,,,
Korean Night Cream,,,,,,,,,,,
Handy Heater,,,,,,,,,,,
Water Spray Gun,,,,,,,,,,,
Solar Helicopter Air Freshner,,,,,,,,,,,
360 rotating mop,,,,,,,,,,,
waterproof lipgloss,,,,,,,,,,,
Soap Roller 2 pcs,,,,,,,,,,,
Steam Iron,,,,,,,,,,,
Infrared चुलो,,,,,,,,,,,
Automatic Door Closer,,,,,,,,,,,
Anti Slip Mat,,,,,,,,,,,
Fridge Organizer 4pcs,,,,,,,,,,,
WaterProof Sealant Spray,,,,,,,,,,,
Adjustable Fridge Organizer,,,,,,,,,,,
Skin tag and wart Remover,,,,,,,,,,,
Puri & momo maker,,,,,,,,,,,
2 in 1 Flawless,,,,,,,,,,,
Onion Hair Oil,,,,,,,,,,,
Loose Tea,,,,,,,,,,,
X Type Mop,,,,,,,,,,,
New 360 Rotating Mop,,,,,,,,,,,
Microfiber Gloves 5pcs Set,,,,,,,,,,,
2pcs Body Shaper,,,,,,,,,,,
360 Degree water rotator,,,,,,,,,,,
Green Mask,,,,,,,,,,,
Neck Fan,,,,,,,,,,,
Baby Carrier Bag,,,,,,,,,,,
New Neck Fan,,,,,,,,,,,
Adjustable Tap,,,,,,,,,,,
Door Guard 4 pcs,,,,,,,,,,,
Solar Garden Light,,,,,,,,,,,
Pest Repeller,,,,,,,,,,,
Back Shaper,,,,,,,,,,,
Selfie Stick,,,,,,,,,,,
Magic Hose Pipe 75ft,,,,,,,,,,,
Soft Windcheatar,,,,,,,,,,,
Reebok Windcheater,,,,,,,,,,,
Rolling brush,,,,,,,,,,,
Mosquito Killer lamp,,,,,,,,,,,
Shoes Cover,,,,,,,,,,,
2pcs Shoes Cover,,,,,,,,,,,
4pcs raincoat,,,,,,,,,,,
6Pcs Inkless Pencil,,,,,,,,,,,
3Pcs Mosquito Bat,,,,,,,,,,,
4pcs drain cleaner,,,,,,,,,,,
Adjustable Duster,,,,,,,,,,,
4pcs Hanger,,,,,,,,,,,
Cloth Drying Stand,,,,,,,,,,,
7 Horse 5 Pcs Canvas Set,,,,,,,,,,,
Raincoat Up Down Full Set,,,,,,,,,,,
Ball Raincoat 4 Pcs,,,,,,,,,,,
scrub gel,,,,,,,,,,,
4 pcs Soap Roller,,,,,,,,,,,
2 pcs Soap Roller,,,,,,,,,,,
High Pressure Rechargeable Spray Machine full Set,,,,,,,,,,,
Onion Hair Oil+ Derma roller+Shampoo,,,,,,,,,,,
3pcs wiper cleaner,,,,,,,,,,,
Hair Comb Gel,,,,,,,,,,,
3 pcs Rechargeable Keychain Light,,,,,,,,,,,
Turbo Spin Cleaner,,,,,,,,,,,
5 Pcs Kitchen Storage Box,,,,,,,,,,,
2pcs Solar Garden Light,,,,,,,,,,,
glass repair kit,,,,,,,,,,,
3pcs wall sticker 3d,,,,,,,,,,,
Digital Tally Counter,,,,,,,,,,,
Stretchable Chair Cover,,,,,,,,,,,
Quit Smoking Spray,,,,,,,,,,,
V34 Teeth Color Corrector,,,,,,,,,,,
5pcs wall sticker 3d,,,,,,,,,,,
2 in 1 Mixture,,,,,,,,,,,
2 pcs Warm Toilet Seat Cover,,,,,,,,,,,
999 Combo 6 in 1,,,,,,,,,,,
Migrane cap,,,,,,,,,,,
3 in 1 Woolen Topi set,,,,,,,,,,,
Thermocoat set,,,,,,,,,,,
Bug Zapper Solar Garden Light,,,,,,,,,,,
2pcs Metal Hanger,,,,,,,,,,,
heating tap,,,,,,,,,,,
Hot Shapers Belt,,,,,,,,,,,
Leather Repair Patch,,,,,,,,,,,
2pcs LED Flashlight,,,,,,,,,,,
Vacuum Flask Set,,,,,,,,,,,
3pcs magic towel,,,,,,,,,,,
Handy Heater With Remote,,,,,,,,,,,
Solar Wall Light,,,,,,,,,,,
899 combo,,,,,,,,,,,
Magic Shampoo,,,,,,,,,,,
Digital Jaap Mala,,,,,,,,,,,
New Magic Shampoo,,,0,,,,,,,,
Motion Sensor Light,,,,,,,,,,,
ultrasonic cleasing machine,,,,,,,,,,,
Electric Fly Catcher,,,,,,,,,,,
Damaru Locket,,,,,,,,,,,
Ultra Smart Watch,,,,,,,,,,,
Onion Hair Oil + Rosemary Hair Tonic,,,Rosemary Hair Tonic + Onion Hair Oil,,,,,,,,
Rosemary Hair Tonic + Onion Hair Oil,,,,,,,,,,,
"Anti Bug, Anti Mold Mouthballs 48 pcs",,,,,,,,,,,
Hair Straightener Comb,,,,,,,,,,,
3pcs Door Hanger Hook,,,,,,,,,,,
2pcs Finger Protector + Slicer,,,,,,,,,,,
3pcs cloth drying rope,,,,,,,,,,,
Hair Removal Spray,,,,,,,,,,,
Blind Spot Mirror,,,,,,,,,,,
Smart Goggles,,,,,,,,,,,
Cooler Fan,,,,,,,,,,,
Anti Motion Sickness Gogggles,,,,,,,,,,,
Peeler + 2 Pcs Metal Protector,,,,,,,,,,,
Face Shield Mask,,,,,,,,,,,
ABS Roller Machine,,,,,,,,,,,
Kitchen Combo,,,,,,,,,,,
Marble Sticker,,,,,,,,,,,
Cockroach killer powder,,#REF!,0,,,,,,,,
Bracelet,,#REF!,0,,,,,,,,
Full Face Overnight Collagen Mask,,,,,,,,,,,
Magic Candel,,,,,,,,,,,
Toilet Seat Cover,,,,,,,,,,,
knee warmer,,,,,,,,,,,
Posture Belt,,#REF!,0,,,,,,,,
6pcs sock set,,,,,,,,,,,
TOPI SET,,,,,,,,,,,
FIRE STOP,,,,,,,,,,,
full body vibration machine,,,,,,,,,,,
TPMS,,,,,,,,,,,
warm full face mask,,,,,,,,,,,
Ultrasonic Cleaner,,,,,,,,,,,
102 पिस म्याग्नेटिक खेलौना सेट,,,,,,,,,,,
Portable Mesh Nebulizer,,,,,,,,,,,
Smart Fingerprint Lock,,,,,,,,,,,
smart multiplug,,,,,,,,,,,
Laser Slingshot,,#REF!,0,,,,,,,,
anti snoring nose strip,,,,,,,,,,,
Head Lamp,,,,,,,,,,,
Tulsi Mala,,,,,,,,,,,
Steel Chopping Board,,,,,,,,,,,
2pcs Full Face Mask,,,,,,,,,,,
घ्याम्पे Melamine Mugs,,,,,,,,,,,
sickle,,,,,,,,,,,
shoes wipes,,,,,,,,,,,
Manual Steel Nail Gun,,,,,,,,,,,
Plant combo,,,,,,,,,,,
Long gumboot,,,,,,,,,,,
Fishing Net Trap,,,,,,,,,,,
Mite Killer,,,,,,,,,,,
Hemorrhoids Spray,,,,,,,,,,,
Termite किलर स्प्रे,,,,,,,,,,,
Pain Releif Patches 12 pcs,,,,,,,,,,,
Veins Cream,,,,,,,,,,,
Mini Torch,,,,,,,,,,,
Bird Trap,,,,,,,,,,,
Strawberry Seeds,,,,,,,,,,,
Folding Trash Can,,,,,,,,,,,
Perfect X Cream,,,,,,,,,,,
Balen sunglasses,,,,,,,,,,,
Scratch Remover Wax,,,,,,,,,,,
Green Bag,,,,,,,,,,,
Insect Protection Jacket,,,,,,,,,,,
10 pcs Green Bag,,,,,,,,,,,
Magnetic Insole,,,,,,,,,,,
Splash Guard,,,,,,,,,,,
Tap Water Filter,,,,,,,,,,,
chest massager,,,,,,,,,,,
Black Hair Spray,,,,,,,,,,,
Shower Head,,,,,,,,,,,
Modern Fish Trap,,,,,,,,,,,
mouse trap,,,,,,,,,,,
